Protein,Protein_definition,Disease_category,Disease,method,nsnp,OR [95% CI],Pvalue,QTL_type
VSIG4,V-set and immunoglobulin domain-containing protein 4,Chapter XIV Diseases of the genitourinary system,N14_CHRONKIDNEYDIS,Wald ratio,1,1.26 [1.17-1.36],7.70467667860291e-10,trans
VSIG4,V-set and immunoglobulin domain-containing protein 4,"Chapter IV Endocrine, nutritional and metabolic diseases",E4_HYPERPARA,Inverse variance weighted,10,0.93 [0.89-0.97],0.000248333187327647,trans
VSIG4,V-set and immunoglobulin domain-containing protein 4,Chapter IX Diseases of the circulatory system,I9_CARDARR,Inverse variance weighted,2,1.09 [1.03-1.14],0.00101106373853533,trans
VSIG4,V-set and immunoglobulin domain-containing protein 4,Chapter XII Diseases of the skin and subcutaneous tissue,L12_PSORIASIS,Inverse variance weighted,30,1.05 [1.02-1.09],0.00461042282730226,trans
VSIG4,V-set and immunoglobulin domain-containing protein 4,"Chapter VII Diseases of the eye, adnexa, ear and mastoid process",H7_CHOROIDRETINA,Inverse variance weighted,9,1.11 [1.02-1.21],0.0143005046404997,trans
VSIG4,V-set and immunoglobulin domain-containing protein 4,Chapter X Diseases of the respiratory system,IPF,Inverse variance weighted,20,1.02 [1-1.04],0.0156667872767347,trans
VSIG4,V-set and immunoglobulin domain-containing protein 4,"Chapter IV Endocrine, nutritional and metabolic diseases",E4_ENDOGLAND,Inverse variance weighted,2,0.79 [0.65-0.96],0.0158128481575153,trans
VSIG4,V-set and immunoglobulin domain-containing protein 4,Chapter X Diseases of the respiratory system,J10_RESPIRATORY,Inverse variance weighted,15,1.13 [1.02-1.25],0.0186478956203455,trans
VSIG4,V-set and immunoglobulin domain-containing protein 4,Chapter X Diseases of the respiratory system,J10_LOWCHRON,Inverse variance weighted,61,1.06 [1.01-1.12],0.0225344259816152,trans
VSIG4,V-set and immunoglobulin domain-containing protein 4,Chapter XIII Diseases of the musculoskeletal system and connective tissue,M13_DORSALGIANAS,Inverse variance weighted,2,1.17 [1.02-1.34],0.0225464304099503,trans
VSIG4,V-set and immunoglobulin domain-containing protein 4,Chapter XII Diseases of the skin and subcutaneous tissue,L12_DERMATITISECZEMA,Inverse variance weighted,36,1.09 [1.01-1.17],0.0269718115441531,trans
VSIG4,V-set and immunoglobulin domain-containing protein 4,Chapter IX Diseases of the circulatory system,I9_PAD,Inverse variance weighted,2,1.09 [1.01-1.18],0.031045219465152,trans
VSIG4,V-set and immunoglobulin domain-containing protein 4,Chapter V Mental and behavioural disorders,F5_DEPRESSION_DYSTHYMIA,Inverse variance weighted,24,1.08 [1.01-1.15],0.0311848184035482,trans
VSIG4,V-set and immunoglobulin domain-containing protein 4,"Chapter IV Endocrine, nutritional and metabolic diseases",E4_PARATHYRO,Inverse variance weighted,10,0.95 [0.91-1],0.0366951764244359,trans
VSIG4,V-set and immunoglobulin domain-containing protein 4,Chapter XII Diseases of the skin and subcutaneous tissue,L12_PAPULOSQUAMOUS,Inverse variance weighted,24,1.06 [1-1.12],0.0413922409583927,trans
VSIG4,V-set and immunoglobulin domain-containing protein 4,Chapter IX Diseases of the circulatory system,I9_ATHSCLE,Inverse variance weighted,13,1.08 [1-1.16],0.0430445051870498,trans
VSIG4,V-set and immunoglobulin domain-containing protein 4,Chapter X Diseases of the respiratory system,ILD,Inverse variance weighted,21,1.02 [1-1.04],0.0481063314850772,trans
VSIG4,V-set and immunoglobulin domain-containing protein 4,Chapter XI Diseases of the digestive system,NAFLD,Inverse variance weighted,6,1.04 [1-1.07],0.0534513037327031,trans
VSIG4,V-set and immunoglobulin domain-containing protein 4,Chapter XI Diseases of the digestive system,K11_LIVER,Inverse variance weighted,8,1.05 [1-1.11],0.0619900187053123,trans
VSIG4,V-set and immunoglobulin domain-containing protein 4,Chapter IX Diseases of the circulatory system,I9_TIA,Wald ratio,1,1.22 [0.99-1.51],0.0679367917422772,trans
VSIG4,V-set and immunoglobulin domain-containing protein 4,Chapter VI Diseases of the nervous system,G6_OTHNEU,Inverse variance weighted,2,1.18 [0.98-1.4],0.073731036130535,trans
VSIG4,V-set and immunoglobulin domain-containing protein 4,Chapter IX Diseases of the circulatory system,I9_NSTEMI,Inverse variance weighted,4,1.05 [1-1.11],0.0739814001068569,trans
VSIG4,V-set and immunoglobulin domain-containing protein 4,Chapter VI Diseases of the nervous system,G6_EPIPAROX,Inverse variance weighted,11,1.14 [0.98-1.32],0.0805071110664045,trans
VSIG4,V-set and immunoglobulin domain-containing protein 4,"Chapter VII Diseases of the eye, adnexa, ear and mastoid process",H7_BLINDANDVISIMPAIRMENT,Inverse variance weighted,2,1.09 [0.99-1.19],0.0895232392357708,trans
VSIG4,V-set and immunoglobulin domain-containing protein 4,Chapter V Mental and behavioural disorders,F5_DELIRIUM,Wald ratio,1,1.11 [0.98-1.26],0.0909489049013157,trans
VSIG4,V-set and immunoglobulin domain-containing protein 4,"Chapter IV Endocrine, nutritional and metabolic diseases",E4_MINERAL_MET,Wald ratio,1,1.05 [0.99-1.1],0.0924512340689186,trans
VSIG4,V-set and immunoglobulin domain-containing protein 4,"Chapter IV Endocrine, nutritional and metabolic diseases",E4_ACIDOSIS,Wald ratio,1,0.97 [0.94-1.01],0.0963713931185466,trans
VSIG4,V-set and immunoglobulin domain-containing protein 4,Chapter I Certain infectious and parasitic diseases,AB1_MYCOSES,Wald ratio,1,1.16 [0.97-1.39],0.0980994365282752,trans
VSIG4,V-set and immunoglobulin domain-containing protein 4,Chapter XI Diseases of the digestive system,K11_OESSTODUO,Wald ratio,1,1.41 [0.93-2.14],0.103312615197117,trans
VSIG4,V-set and immunoglobulin domain-containing protein 4,Chapter XI Diseases of the digestive system,K11_DIVERTIC,Inverse variance weighted,50,1.03 [0.99-1.07],0.105340426106721,trans
VSIG4,V-set and immunoglobulin domain-containing protein 4,Chapter XIII Diseases of the musculoskeletal system and connective tissue,RHEUMA_OTHER_WIDE,Inverse variance weighted,5,1.06 [0.98-1.15],0.128402512770062,trans
VSIG4,V-set and immunoglobulin domain-containing protein 4,Chapter XIV Diseases of the genitourinary system,N14_URINOTH,Inverse variance weighted,2,0.86 [0.71-1.05],0.138591149074795,trans
VSIG4,V-set and immunoglobulin domain-containing protein 4,Chapter XI Diseases of the digestive system,K11_INTESTOTH,Inverse variance weighted,10,1.11 [0.97-1.27],0.139976348422129,trans
VSIG4,V-set and immunoglobulin domain-containing protein 4,Chapter XI Diseases of the digestive system,K11_DIAHER,Inverse variance weighted,8,1.04 [0.99-1.09],0.143605766752136,trans
VSIG4,V-set and immunoglobulin domain-containing protein 4,Chapter VI Diseases of the nervous system,G6_NERPLEX,Inverse variance weighted,4,1.19 [0.94-1.51],0.153541823804848,trans
VSIG4,V-set and immunoglobulin domain-containing protein 4,"Chapter IV Endocrine, nutritional and metabolic diseases",E4_DM2NEU,Wald ratio,1,0.96 [0.91-1.02],0.15791793170258,trans
VSIG4,V-set and immunoglobulin domain-containing protein 4,Chapter XI Diseases of the digestive system,K11_CONSTIPATION,Wald ratio,1,0.79 [0.57-1.1],0.159560761821194,trans
VSIG4,V-set and immunoglobulin domain-containing protein 4,"Chapter IV Endocrine, nutritional and metabolic diseases",E4_DM2PERIPH,Wald ratio,1,0.96 [0.91-1.02],0.163648955598731,trans
VSIG4,V-set and immunoglobulin domain-containing protein 4,Chapter X Diseases of the respiratory system,COPD_HOSPITAL_MAIN,Inverse variance weighted,7,1.08 [0.97-1.21],0.165422819370899,trans
VSIG4,V-set and immunoglobulin domain-containing protein 4,Chapter I Certain infectious and parasitic diseases,AB1_SEPSIS_CONDITION,Wald ratio,1,1.24 [0.91-1.7],0.178475095140017,trans
VSIG4,V-set and immunoglobulin domain-containing protein 4,Chapter X Diseases of the respiratory system,J10_ASTHMA_EXMORE,Inverse variance weighted,59,1.03 [0.99-1.07],0.180590736425008,trans
VSIG4,V-set and immunoglobulin domain-containing protein 4,Chapter XI Diseases of the digestive system,K11_ENERCOLNONINF,Inverse variance weighted,35,1.03 [0.99-1.07],0.191081604811022,trans
VSIG4,V-set and immunoglobulin domain-containing protein 4,Chapter XI Diseases of the digestive system,K11_CHOLECYST,Inverse variance weighted,4,0.97 [0.92-1.02],0.194371404477639,trans
VSIG4,V-set and immunoglobulin domain-containing protein 4,Chapter XI Diseases of the digestive system,K11_DISLIVOTH,Inverse variance weighted,3,1.06 [0.97-1.15],0.196199229114921,trans
VSIG4,V-set and immunoglobulin domain-containing protein 4,Chapter XIII Diseases of the musculoskeletal system and connective tissue,M13_RHEUMA,Inverse variance weighted,22,1.04 [0.98-1.1],0.19631863415571,trans
VSIG4,V-set and immunoglobulin domain-containing protein 4,Chapter IX Diseases of the circulatory system,I9_UAP,Inverse variance weighted,24,1.03 [0.99-1.07],0.1968121062865,trans
VSIG4,V-set and immunoglobulin domain-containing protein 4,Chapter IX Diseases of the circulatory system,I9_STR,Inverse variance weighted,3,0.91 [0.79-1.05],0.200603315592823,trans
VSIG4,V-set and immunoglobulin domain-containing protein 4,Chapter XI Diseases of the digestive system,K11_COELIAC,Inverse variance weighted,52,1.01 [1-1.02],0.206962089778843,trans
VSIG4,V-set and immunoglobulin domain-containing protein 4,Chapter IX Diseases of the circulatory system,I9_K_CARDIAC,Inverse variance weighted,2,1.08 [0.95-1.23],0.227567955402249,trans
VSIG4,V-set and immunoglobulin domain-containing protein 4,"Chapter VII Diseases of the eye, adnexa, ear and mastoid process",DM_BCKGRND_RETINA,Inverse variance weighted,3,0.98 [0.94-1.02],0.245879979961426,trans
VSIG4,V-set and immunoglobulin domain-containing protein 4,"Chapter IV Endocrine, nutritional and metabolic diseases",E4_HYPERLIPNAS,Inverse variance weighted,21,0.98 [0.95-1.01],0.248976120928193,trans
VSIG4,V-set and immunoglobulin domain-containing protein 4,Chapter III Diseases of the blood and blood-forming organs and certain disorders involving the immune mechanism,D3_ANAEMIA_IRONDEF_NAS,Inverse variance weighted,7,1.04 [0.97-1.11],0.256191243492286,trans
VSIG4,V-set and immunoglobulin domain-containing protein 4,Chapter VI Diseases of the nervous system,G6_DEGENOTH,Wald ratio,1,0.97 [0.92-1.02],0.257022125351745,trans
VSIG4,V-set and immunoglobulin domain-containing protein 4,Chapter I Certain infectious and parasitic diseases,AB1_SEPSIS_IMPLICIT,Wald ratio,1,1.15 [0.9-1.48],0.26426588717228,trans
VSIG4,V-set and immunoglobulin domain-containing protein 4,Chapter XI Diseases of the digestive system,K11_ALCOLIV,Inverse variance weighted,4,1.02 [0.98-1.06],0.270282497410801,trans
VSIG4,V-set and immunoglobulin domain-containing protein 4,Chapter X Diseases of the respiratory system,J10_PLEURPLAGUE,Wald ratio,1,0.95 [0.86-1.04],0.272832245370404,trans
VSIG4,V-set and immunoglobulin domain-containing protein 4,Chapter X Diseases of the respiratory system,J10_LOWERINF,Wald ratio,1,1.14 [0.9-1.45],0.278774736759626,trans
VSIG4,V-set and immunoglobulin domain-containing protein 4,Chapter XIII Diseases of the musculoskeletal system and connective tissue,M13_SJOGREN,Inverse variance weighted,5,1.04 [0.97-1.13],0.28038753362021,trans
VSIG4,V-set and immunoglobulin domain-containing protein 4,Chapter XI Diseases of the digestive system,K11_CD_STRICT2,Inverse variance weighted,8,1.01 [0.99-1.03],0.29965843299796,trans
VSIG4,V-set and immunoglobulin domain-containing protein 4,Chapter XIII Diseases of the musculoskeletal system and connective tissue,M13_LOWBACKPAIN,Inverse variance weighted,10,1.05 [0.96-1.15],0.302587384865025,trans
VSIG4,V-set and immunoglobulin domain-containing protein 4,"Chapter IV Endocrine, nutritional and metabolic diseases",E4_DM2NOCOMP,Inverse variance weighted,69,1.02 [0.99-1.05],0.31440022551607,trans
VSIG4,V-set and immunoglobulin domain-containing protein 4,"Chapter IV Endocrine, nutritional and metabolic diseases",E4_FLUIDELECTRO,Wald ratio,1,0.93 [0.8-1.08],0.318075205801175,trans
VSIG4,V-set and immunoglobulin domain-containing protein 4,"Chapter IV Endocrine, nutritional and metabolic diseases",E4_HYPOOSMNAT,Wald ratio,1,0.95 [0.85-1.05],0.318075205801175,trans
VSIG4,V-set and immunoglobulin domain-containing protein 4,Chapter XI Diseases of the digestive system,COLITNONINFNAS,Wald ratio,1,1.11 [0.9-1.37],0.320046051466269,trans
VSIG4,V-set and immunoglobulin domain-containing protein 4,Chapter X Diseases of the respiratory system,ASTHMA_NAS,Inverse variance weighted,13,1.04 [0.96-1.12],0.324296582643862,trans
VSIG4,V-set and immunoglobulin domain-containing protein 4,Chapter I Certain infectious and parasitic diseases,AB1_GASTROENTERITIS_NOS,Inverse variance weighted,2,0.93 [0.82-1.07],0.329732449472497,trans
VSIG4,V-set and immunoglobulin domain-containing protein 4,Chapter X Diseases of the respiratory system,J10_ACUTELOWERNAS,Wald ratio,1,1.06 [0.94-1.18],0.359741448807516,trans
VSIG4,V-set and immunoglobulin domain-containing protein 4,Chapter XIII Diseases of the musculoskeletal system and connective tissue,M13_ARTHROSIS_INCLAVO,Inverse variance weighted,50,1.03 [0.97-1.09],0.366642644155624,trans
VSIG4,V-set and immunoglobulin domain-containing protein 4,Chapter XIII Diseases of the musculoskeletal system and connective tissue,M13_OSTEOPOROSIS,Inverse variance weighted,3,1.11 [0.88-1.4],0.375762030223646,trans
VSIG4,V-set and immunoglobulin domain-containing protein 4,Chapter XI Diseases of the digestive system,K11_OTHDIG,Inverse variance weighted,12,1.02 [0.97-1.08],0.384963017112238,trans
VSIG4,V-set and immunoglobulin domain-containing protein 4,Chapter XIV Diseases of the genitourinary system,N14_DIALYSIS,Inverse variance weighted,4,0.96 [0.89-1.05],0.391755983791508,trans
VSIG4,V-set and immunoglobulin domain-containing protein 4,Chapter XIII Diseases of the musculoskeletal system and connective tissue,M13_ARTHROSIS_POLY,Wald ratio,1,0.95 [0.84-1.07],0.411203548731176,trans
VSIG4,V-set and immunoglobulin domain-containing protein 4,Chapter IX Diseases of the circulatory system,I9_VEINSOTH,Inverse variance weighted,36,1.01 [0.99-1.04],0.412427252978146,trans
VSIG4,V-set and immunoglobulin domain-containing protein 4,Chapter IX Diseases of the circulatory system,I9_LBBB,Inverse variance weighted,2,1.03 [0.96-1.09],0.417479796780078,trans
VSIG4,V-set and immunoglobulin domain-containing protein 4,"Chapter VII Diseases of the eye, adnexa, ear and mastoid process",H7_CATARACTOTHER,Inverse variance weighted,12,1.03 [0.96-1.1],0.418038101448666,trans
VSIG4,V-set and immunoglobulin domain-containing protein 4,Chapter IX Diseases of the circulatory system,I9_HEARTFAIL,Inverse variance weighted,4,1.05 [0.94-1.16],0.419100380577336,trans
VSIG4,V-set and immunoglobulin domain-containing protein 4,Chapter XI Diseases of the digestive system,CHRONNAS,Inverse variance weighted,9,1.01 [0.98-1.04],0.426385826765797,trans
VSIG4,V-set and immunoglobulin domain-containing protein 4,Chapter XIII Diseases of the musculoskeletal system and connective tissue,M13_POLYARTHROPATHIES,Inverse variance weighted,16,1.05 [0.94-1.17],0.427509760278441,trans
VSIG4,V-set and immunoglobulin domain-containing protein 4,Chapter XIII Diseases of the musculoskeletal system and connective tissue,M13_DORSOPATHYOTH,Inverse variance weighted,27,1.03 [0.95-1.12],0.434143359402319,trans
VSIG4,V-set and immunoglobulin domain-containing protein 4,Chapter V Mental and behavioural disorders,KRA_PSY_SUBSTANCE_EXMORE,Inverse variance weighted,11,0.98 [0.93-1.03],0.445605268957052,trans
VSIG4,V-set and immunoglobulin domain-containing protein 4,Chapter III Diseases of the blood and blood-forming organs and certain disorders involving the immune mechanism,D3_COAGOTHER,Inverse variance weighted,35,1 [0.98-1.01],0.445768771012668,trans
VSIG4,V-set and immunoglobulin domain-containing protein 4,Chapter X Diseases of the respiratory system,COPD_EARLY,Inverse variance weighted,3,1.07 [0.9-1.26],0.45110835271992,trans
VSIG4,V-set and immunoglobulin domain-containing protein 4,Chapter IX Diseases of the circulatory system,I9_VARICVEOES,Inverse variance weighted,2,1.01 [0.98-1.05],0.452174755431242,trans
VSIG4,V-set and immunoglobulin domain-containing protein 4,"Chapter IV Endocrine, nutritional and metabolic diseases",E4_DM2REN,Inverse variance weighted,5,0.99 [0.95-1.02],0.458175864062162,trans
VSIG4,V-set and immunoglobulin domain-containing protein 4,Chapter XIII Diseases of the musculoskeletal system and connective tissue,M13_SPONDYLOPATHY,Inverse variance weighted,21,1.03 [0.96-1.1],0.460207255962373,trans
VSIG4,V-set and immunoglobulin domain-containing protein 4,Chapter XI Diseases of the digestive system,K11_DULC,Inverse variance weighted,3,1.01 [0.98-1.04],0.467788723932623,trans
VSIG4,V-set and immunoglobulin domain-containing protein 4,Chapter XI Diseases of the digestive system,K11_FIBROCHIRLIV,Inverse variance weighted,2,1.04 [0.93-1.16],0.469313404901356,trans
VSIG4,V-set and immunoglobulin domain-containing protein 4,Chapter XIII Diseases of the musculoskeletal system and connective tissue,M13_ARTHROPATHIES,Inverse variance weighted,25,1.04 [0.94-1.14],0.469917033422063,trans
VSIG4,V-set and immunoglobulin domain-containing protein 4,Chapter XII Diseases of the skin and subcutaneous tissue,L12_INFECT_SKIN,Wald ratio,1,1.11 [0.83-1.47],0.475144382984567,trans
VSIG4,V-set and immunoglobulin domain-containing protein 4,Chapter XI Diseases of the digestive system,K11_CROHN,Inverse variance weighted,3,1.01 [0.98-1.05],0.476832632574591,trans
VSIG4,V-set and immunoglobulin domain-containing protein 4,Chapter X Diseases of the respiratory system,J10_INTERSTITIUM,Inverse variance weighted,4,1.01 [0.98-1.04],0.483789928042727,trans
VSIG4,V-set and immunoglobulin domain-containing protein 4,Chapter X Diseases of the respiratory system,J10_UPPERINFEC,Inverse variance weighted,6,1.08 [0.87-1.35],0.483981247313695,trans
VSIG4,V-set and immunoglobulin domain-containing protein 4,Chapter XIV Diseases of the genitourinary system,N14_RENALTUB,Wald ratio,1,0.9 [0.66-1.21],0.485727782861792,trans
VSIG4,V-set and immunoglobulin domain-containing protein 4,Chapter XI Diseases of the digestive system,K11_GALLBILPANC,Inverse variance weighted,21,0.98 [0.94-1.03],0.490149000088494,trans
VSIG4,V-set and immunoglobulin domain-containing protein 4,"Chapter VII Diseases of the eye, adnexa, ear and mastoid process",DM_MACULOPATHY_EXMORE,Inverse variance weighted,8,1.01 [0.98-1.05],0.493727019402863,trans
VSIG4,V-set and immunoglobulin domain-containing protein 4,Chapter III Diseases of the blood and blood-forming organs and certain disorders involving the immune mechanism,D3_BLOOD_IMMUN,Wald ratio,1,1.11 [0.81-1.51],0.525747612386076,trans
VSIG4,V-set and immunoglobulin domain-containing protein 4,"Chapter IV Endocrine, nutritional and metabolic diseases",DM_NEUROPATHY,Wald ratio,1,0.97 [0.87-1.07],0.528347021279189,trans
VSIG4,V-set and immunoglobulin domain-containing protein 4,Chapter XI Diseases of the digestive system,CHIRHEP_NAS,Inverse variance weighted,2,1.01 [0.98-1.03],0.534719864992714,trans
VSIG4,V-set and immunoglobulin domain-containing protein 4,Chapter IX Diseases of the circulatory system,I9_HYPTENSPOR,Wald ratio,1,1.01 [0.98-1.04],0.554476658238,trans
VSIG4,V-set and immunoglobulin domain-containing protein 4,"Chapter VII Diseases of the eye, adnexa, ear and mastoid process",H8_OTHEREAR,Inverse variance weighted,18,1.02 [0.95-1.09],0.55955292540386,trans
VSIG4,V-set and immunoglobulin domain-containing protein 4,Chapter III Diseases of the blood and blood-forming organs and certain disorders involving the immune mechanism,D3_ANAEMIANAS,Inverse variance weighted,4,1.04 [0.92-1.17],0.560503678678778,trans
VSIG4,V-set and immunoglobulin domain-containing protein 4,Chapter X Diseases of the respiratory system,J10_PNEUMONAS,Wald ratio,1,1.07 [0.85-1.33],0.575068998104998,trans
VSIG4,V-set and immunoglobulin domain-containing protein 4,Chapter IX Diseases of the circulatory system,I9_CONDUCTIO,Inverse variance weighted,4,1.03 [0.92-1.15],0.603477639619348,trans
VSIG4,V-set and immunoglobulin domain-containing protein 4,Chapter II Neoplasms,C3_SQUOMOUS_CELL_CARCINOMA_SKIN_EXALLC,Inverse variance weighted,9,0.99 [0.97-1.02],0.603812403322529,trans
VSIG4,V-set and immunoglobulin domain-containing protein 4,Chapter XIII Diseases of the musculoskeletal system and connective tissue,M13_GOUT,Inverse variance weighted,24,0.99 [0.97-1.02],0.607557802979628,trans
VSIG4,V-set and immunoglobulin domain-containing protein 4,Chapter XI Diseases of the digestive system,K11_CHOLELITH,Inverse variance weighted,122,0.99 [0.97-1.02],0.612880684781743,trans
VSIG4,V-set and immunoglobulin domain-containing protein 4,Chapter II Neoplasms,C3_OTHER_SKIN_EXALLC,Inverse variance weighted,78,1 [0.98-1.01],0.621660342568794,trans
VSIG4,V-set and immunoglobulin domain-containing protein 4,Chapter I Certain infectious and parasitic diseases,AB1_OTHER_SEPSIS,Wald ratio,1,1.05 [0.87-1.25],0.625669676527624,trans
VSIG4,V-set and immunoglobulin domain-containing protein 4,Chapter IX Diseases of the circulatory system,I9_PHLETHROMBDVTLOW,Inverse variance weighted,30,0.99 [0.97-1.02],0.640340635692629,trans
VSIG4,V-set and immunoglobulin domain-containing protein 4,Chapter XIII Diseases of the musculoskeletal system and connective tissue,M13_ARTHROSIS_OTH,Inverse variance weighted,3,0.97 [0.85-1.11],0.647998996156787,trans
VSIG4,V-set and immunoglobulin domain-containing protein 4,Chapter XI Diseases of the digestive system,K11_GASTRODUOULC,Inverse variance weighted,4,0.98 [0.91-1.06],0.648646355220797,trans
VSIG4,V-set and immunoglobulin domain-containing protein 4,Chapter III Diseases of the blood and blood-forming organs and certain disorders involving the immune mechanism,D3_ANAEMIA_B12_DEF,Inverse variance weighted,11,0.99 [0.96-1.02],0.650004550031149,trans
VSIG4,V-set and immunoglobulin domain-containing protein 4,Chapter V Mental and behavioural disorders,AUD,Inverse variance weighted,6,0.99 [0.94-1.04],0.653601780267016,trans
VSIG4,V-set and immunoglobulin domain-containing protein 4,Chapter X Diseases of the respiratory system,COPD_LATER,Wald ratio,1,1.02 [0.94-1.11],0.661382762690825,trans
VSIG4,V-set and immunoglobulin domain-containing protein 4,Chapter IX Diseases of the circulatory system,I9_ABAORTANEUR,Inverse variance weighted,5,0.99 [0.94-1.04],0.689867417645505,trans
VSIG4,V-set and immunoglobulin domain-containing protein 4,Chapter V Mental and behavioural disorders,SMOKING_DEPEND,Wald ratio,1,1.02 [0.94-1.11],0.693761406298229,trans
VSIG4,V-set and immunoglobulin domain-containing protein 4,Chapter XIII Diseases of the musculoskeletal system and connective tissue,M13_LIMBPAIN,Wald ratio,1,1.06 [0.8-1.4],0.695762366901528,trans
VSIG4,V-set and immunoglobulin domain-containing protein 4,Chapter VI Diseases of the nervous system,G6_POLYOTHUNS,Inverse variance weighted,2,0.98 [0.86-1.11],0.702380429673687,trans
VSIG4,V-set and immunoglobulin domain-containing protein 4,Chapter XI Diseases of the digestive system,K11_PANCOTH,Wald ratio,1,0.98 [0.89-1.09],0.716553110828519,trans
VSIG4,V-set and immunoglobulin domain-containing protein 4,Chapter IX Diseases of the circulatory system,I9_SEQULAE,Inverse variance weighted,4,1.01 [0.95-1.08],0.717533373646016,trans
VSIG4,V-set and immunoglobulin domain-containing protein 4,Chapter IX Diseases of the circulatory system,I9_PHLETHROM,Inverse variance weighted,14,0.99 [0.96-1.03],0.729904312132461,trans
VSIG4,V-set and immunoglobulin domain-containing protein 4,"Chapter IV Endocrine, nutritional and metabolic diseases",E4_PLASMAPROT,Inverse variance weighted,15,1 [0.99-1.01],0.730349665895512,trans
VSIG4,V-set and immunoglobulin domain-containing protein 4,Chapter X Diseases of the respiratory system,J10_INFLUPNEU,Inverse variance weighted,3,1.04 [0.84-1.28],0.73147794586278,trans
VSIG4,V-set and immunoglobulin domain-containing protein 4,Chapter XI Diseases of the digestive system,K11_OTHENTERCOL,Inverse variance weighted,2,1.03 [0.89-1.18],0.733481565277954,trans
VSIG4,V-set and immunoglobulin domain-containing protein 4,Chapter VI Diseases of the nervous system,NEURODEGOTH,Inverse variance weighted,18,0.99 [0.96-1.03],0.733760411946038,trans
VSIG4,V-set and immunoglobulin domain-containing protein 4,Chapter IX Diseases of the circulatory system,I9_OTHARR,Inverse variance weighted,12,0.99 [0.92-1.06],0.734124937946544,trans
VSIG4,V-set and immunoglobulin domain-containing protein 4,Chapter V Mental and behavioural disorders,F5_ALCOHOL_DEPENDENCE,Inverse variance weighted,3,0.99 [0.95-1.04],0.738206082276923,trans
VSIG4,V-set and immunoglobulin domain-containing protein 4,Chapter XI Diseases of the digestive system,ULCERNAS,Inverse variance weighted,18,1 [0.98-1.03],0.749270469731569,trans
VSIG4,V-set and immunoglobulin domain-containing protein 4,"Chapter IV Endocrine, nutritional and metabolic diseases",E4_GLUCOPANCREAS,Wald ratio,1,1.01 [0.93-1.1],0.752332171601092,trans
VSIG4,V-set and immunoglobulin domain-containing protein 4,Chapter VI Diseases of the nervous system,FALLS,Inverse variance weighted,5,0.97 [0.8-1.18],0.758867346298196,trans
VSIG4,V-set and immunoglobulin domain-containing protein 4,"Chapter IV Endocrine, nutritional and metabolic diseases",DM_NEPHROPATHY_EXMORE,Inverse variance weighted,5,0.99 [0.95-1.04],0.760120555661576,trans
VSIG4,V-set and immunoglobulin domain-containing protein 4,Chapter XI Diseases of the digestive system,K11_CD_NOUC,Inverse variance weighted,4,1 [0.98-1.03],0.767039461352383,trans
VSIG4,V-set and immunoglobulin domain-containing protein 4,Chapter I Certain infectious and parasitic diseases,AB1_OTHER_VIRAL,Wald ratio,1,1.02 [0.88-1.18],0.769347875840455,trans
VSIG4,V-set and immunoglobulin domain-containing protein 4,"Chapter IV Endocrine, nutritional and metabolic diseases",E4_ENDOMETPOSTOP,Inverse variance weighted,2,0.99 [0.9-1.08],0.773066255506274,trans
VSIG4,V-set and immunoglobulin domain-containing protein 4,Chapter XIII Diseases of the musculoskeletal system and connective tissue,M13_OTHERJOINT,Inverse variance weighted,16,0.99 [0.89-1.09],0.780931855370326,trans
VSIG4,V-set and immunoglobulin domain-containing protein 4,Chapter XIII Diseases of the musculoskeletal system and connective tissue,M13_ARTHROSIS_KNEE,Inverse variance weighted,54,0.99 [0.95-1.04],0.791781933249622,trans
VSIG4,V-set and immunoglobulin domain-containing protein 4,Chapter XIII Diseases of the musculoskeletal system and connective tissue,JOINTPAIN,Inverse variance weighted,3,1.02 [0.86-1.22],0.793571626450896,trans
VSIG4,V-set and immunoglobulin domain-containing protein 4,Chapter V Mental and behavioural disorders,ALCOHOLMENTAL,Wald ratio,1,0.98 [0.87-1.11],0.799330887121036,trans
VSIG4,V-set and immunoglobulin domain-containing protein 4,Chapter XI Diseases of the digestive system,K11_GULC,Wald ratio,1,0.98 [0.85-1.13],0.801703748908001,trans
VSIG4,V-set and immunoglobulin domain-containing protein 4,Chapter IX Diseases of the circulatory system,I9_CARDMYOOTH,Inverse variance weighted,2,0.99 [0.94-1.05],0.818312745845359,trans
VSIG4,V-set and immunoglobulin domain-containing protein 4,Chapter I Certain infectious and parasitic diseases,AB1_BACTINF_NOS,Inverse variance weighted,2,0.99 [0.87-1.12],0.823929788419418,trans
VSIG4,V-set and immunoglobulin domain-containing protein 4,Chapter XII Diseases of the skin and subcutaneous tissue,L12_DECUBITANSULCERANDPRESSURE,Wald ratio,1,0.99 [0.93-1.06],0.833624272621491,trans
VSIG4,V-set and immunoglobulin domain-containing protein 4,Chapter IX Diseases of the circulatory system,I9_PULMEMB,Inverse variance weighted,23,1 [0.97-1.04],0.83380188639684,trans
VSIG4,V-set and immunoglobulin domain-containing protein 4,Chapter IX Diseases of the circulatory system,I9_CEREBDOTH,Wald ratio,1,0.96 [0.67-1.39],0.837682163563532,trans
VSIG4,V-set and immunoglobulin domain-containing protein 4,Chapter IX Diseases of the circulatory system,I9_PAROXTAC,Inverse variance weighted,7,1 [0.95-1.05],0.850437146604838,trans
VSIG4,V-set and immunoglobulin domain-containing protein 4,Chapter I Certain infectious and parasitic diseases,AB1_OTHER_BACTERIAL,Wald ratio,1,0.98 [0.78-1.24],0.872453675712087,trans
VSIG4,V-set and immunoglobulin domain-containing protein 4,Chapter IX Diseases of the circulatory system,I9_CARDMYO,Inverse variance weighted,18,1 [0.98-1.02],0.890890582171172,trans
VSIG4,V-set and immunoglobulin domain-containing protein 4,Chapter X Diseases of the respiratory system,J10_EMPHYSEMA,Wald ratio,1,1 [0.95-1.06],0.913615653673643,trans
VSIG4,V-set and immunoglobulin domain-containing protein 4,Chapter XIII Diseases of the musculoskeletal system and connective tissue,RHEUMA_NOS,Inverse variance weighted,6,1 [0.95-1.04],0.915937271016928,trans
VSIG4,V-set and immunoglobulin domain-containing protein 4,Chapter XIII Diseases of the musculoskeletal system and connective tissue,M13_SPONDYLOSIS,Inverse variance weighted,8,0.99 [0.88-1.12],0.924461597919024,trans
VSIG4,V-set and immunoglobulin domain-containing protein 4,Chapter XIII Diseases of the musculoskeletal system and connective tissue,M13_ARTHROSIS,Inverse variance weighted,51,1 [0.95-1.05],0.931109319983684,trans
VSIG4,V-set and immunoglobulin domain-containing protein 4,Chapter XIV Diseases of the genitourinary system,N14_URETHRAOTH,Inverse variance weighted,5,0.99 [0.87-1.13],0.931943428719461,trans
VSIG4,V-set and immunoglobulin domain-containing protein 4,Chapter XIII Diseases of the musculoskeletal system and connective tissue,GOUT_NOS,Inverse variance weighted,14,1 [0.97-1.03],0.936249241413448,trans
VSIG4,V-set and immunoglobulin domain-containing protein 4,Chapter V Mental and behavioural disorders,F5_DEMNAS,Inverse variance weighted,11,1 [0.97-1.03],0.936613349396358,trans
VSIG4,V-set and immunoglobulin domain-containing protein 4,Chapter IX Diseases of the circulatory system,I9_AORTANEUR,Inverse variance weighted,18,1 [0.97-1.03],0.963612008085271,trans
VSIG4,V-set and immunoglobulin domain-containing protein 4,"Chapter IV Endocrine, nutritional and metabolic diseases",E4_DM1NOCOMP,Inverse variance weighted,3,1 [0.96-1.05],0.965490797253549,trans
VSIG4,V-set and immunoglobulin domain-containing protein 4,Chapter III Diseases of the blood and blood-forming organs and certain disorders involving the immune mechanism,D3_OTHERANAEMIA,Wald ratio,1,1 [0.8-1.23],0.966362139775315,trans
VSIG4,V-set and immunoglobulin domain-containing protein 4,Chapter IX Diseases of the circulatory system,I9_AVBLOCK,Inverse variance weighted,5,1 [0.92-1.09],0.974089334000915,trans
VSIG4,V-set and immunoglobulin domain-containing protein 4,Chapter XI Diseases of the digestive system,K11_OTHFUNC,Wald ratio,1,1 [0.79-1.25],0.97489428779644,trans
VSIG4,V-set and immunoglobulin domain-containing protein 4,Chapter III Diseases of the blood and blood-forming organs and certain disorders involving the immune mechanism,D3_OTHERBLOOD,Wald ratio,1,1 [0.94-1.07],0.981396243663955,trans
